Beta	se_Beta	Chisq_ADD	Delta	se_Delta	Chisq_DOM
-0.017006824025931275	0.013638375351993665	1.5549669340728507	0.007303285085933071	0.013550897306993779	0.290469407890814
0.015288360030408862	0.013722024163086122	1.2413248326838244	0.015937912632886467	0.013802343783731059	1.3333900276203192
0.0061960758835430604	0.013448857543295513	0.21225731644144943	0.04491633711320155	0.013511942948342544	11.050274328800093
0.003104008480352477	0.013623956901395748	0.05190859523455028	0.008542452775753842	0.013553020231968096	0.39727661329288594
-0.0197932319395248	0.013631559830460336	2.108348112481269	-0.011337126218896272	0.014481907437778517	0.6128503364792968
-0.01378730779285429	0.013588257705433825	1.0295119510742092	-0.014834992023018757	0.01350881683389603	1.2059797292430032
-0.012633821414119664	0.013601758030030444	0.8627388951628734	-0.03368546456744896	0.013580834416920116	6.1522244899718155
-0.0031977233525531394	0.013654642733931396	0.05484298618416633	-0.03351521934184858	0.013610654757819803	6.063537893707385
-0.005277575733554139	0.013563401363079921	0.1514020381165094	-0.01837738363707346	0.013200600364730253	1.9381170237032574
-0.006950590992104825	0.013599157379226625	0.2612278444500468	0.004913399773482309	0.013605407531557525	0.13041906817825008
-0.0008450579583927451	0.013505824185984247	0.003914991363624507	0.012465548068853105	0.013489868973723113	0.8539005487777094
-0.018442260885821012	0.01342471791531659	1.887200247103662	-0.007004373225209039	0.013498797782942582	0.269245451625193
-0.016117628963899244	0.013435874568490895	1.439031915861082	-0.002238282845089722	0.01340911959443599	0.027863098090871233
-0.028902768513587935	0.013438372127292804	4.625786271390622	0.0018987914799622851	0.013482453211669972	0.01983429210965854
0.0005644002741789573	0.013459661542573364	0.001758353351910029	-0.012238207243019305	0.013412264379030802	0.8325903932808415
-0.011197537075570092	0.013607477370864244	0.6771576305174696	0.026397431678097216	0.01380753415251941	3.655031269625446
0.004541495031257686	0.013545888009769861	0.11240424819091567	0.024034442241121834	0.013591967101736997	3.126824216100569
-0.013281283042499448	0.013550710144579857	0.9606295749405648	-0.019063427477973047	0.013699225671760658	1.9364662542741016
0.03459444654605459	0.013523993904454829	6.543390532747888	0.0012461594581302394	0.0134692551812981	0.008559730164941007
0.03608780923795941	0.01361636868158989	7.024225296334829	0.0013355477249784476	0.013448717359459548	0.00986182044008554
0.029997660974201115	0.013616407179915494	4.853440672237234	-0.009692017983250437	0.013522321337982417	0.5137193429236213
0.007211218486838492	0.01360022239245198	0.28114171390457104	0.009045292443192781	0.013686564378575258	0.43677355543562374
0.007735802483736269	0.013313030583462193	0.33764232766861846	0.0037877679567993117	0.013505843035694293	0.07865445666758508
-0.011970456657455435	0.01352459485870556	0.7833807733921688	-0.0089053065840763	0.01350035698581858	0.4351181967805157
0.015310700665014236	0.013313317159197148	1.3225666741904534	-0.0012629992117638574	0.013535939748758713	0.008706213918224306
0.0339627633092864	0.01350447090340018	6.324859608199073	-0.007377502767226287	0.013489816680764209	0.2990932875172472
-0.00590347870171926	0.01351044261080002	0.1909311759782614	-0.005951285038876941	0.013554768990786205	0.1927690299845414
0.0021926744325254347	0.013573789935469776	0.026094324415589766	0.015901152554662828	0.013841430995690802	1.3197607994686027
0.0018603627259728554	0.013548758773341841	0.01885368461269577	0.004121039181385114	0.013754501016926077	0.08976846681754645
0.009012998259943774	0.013565236203123342	0.441452371195653	-0.004771691739921352	0.01360002668161568	0.12310203676838476
0.0095481811743198	0.013474623416523121	0.5021205883249412	0.009599148528932372	0.013564317570854911	0.5008060020968749
-0.00256256268510497	0.01376004009864671	0.03468243625384708	0.0015194485545489973	0.0135078618877338	0.012653153529111578
0.01830941321414644	0.013421253475562849	1.8610699426386226	0.008493381381077096	0.013309698974226482	0.40721595470670674
0.00442475223187145	0.013833004341865395	0.10231631433230441	-0.010429200073479292	0.01413961263072066	0.5440351680669365
-0.012932745946567754	0.013456148995202031	0.9237190878648855	-0.00034329737579053585	0.013312880944953042	0.000664962066013707
0.001999294952422456	0.013181634868000435	0.023004626371807325	-0.012459021672366656	0.012743727656707858	0.9558173711816187
0.010871842838003272	0.013621847113464886	0.6369925134198166	-0.013411796808979182	0.013887559066738686	0.9326572963470019
-0.012783951078815869	0.013616222220962558	0.8814890845657977	0.00015433373630677788	0.013659228266122363	0.00012766428431712902
0.004091626630724044	0.013771183596355771	0.08827738434702743	0.0011962383064823693	0.014209863813395895	0.007086888167491525
0.016255501275639957	0.01359449567197064	1.429797493658644	0.01301714592860014	0.013572052698029954	0.9198996900382815
0.020854941804365094	0.013605877973002462	2.349442504257513	-7.533954998551254e-5	0.013623278235677229	3.0583190537466625e-5
0.013097384538117292	0.013377208548086193	0.9586016269031126	0.012164175776602735	0.013451458321462153	0.8177614502058854
0.01129040163561894	0.013532262684821843	0.6961101137638829	-0.014312643667459672	0.0134912856232831	1.1254677230492425
-0.01734544083276059	0.013584242453751075	1.6304212801803482	0.009442797872258426	0.01366343732704626	0.4776188393011786
-0.010529042222348104	0.013467054066032106	0.6112692191008832	-0.016374381500000538	0.013541292942774286	1.4622093021020517
0.010592113315917494	0.013580211185606485	0.6083481464021333	-0.007769923520087741	0.01354170146872487	0.3292206115079711
0.0027396077009252044	0.013481359405611352	0.04129613270858216	-0.004092324153268378	0.013472355792901626	0.09226839507550764
0.013713328342822375	0.013719483740958388	0.9991028791741033	-0.004033168915448005	0.013992621531410435	0.08307964792635178
-0.0012106078132105437	0.013503321526651043	0.008037587753411356	-0.0240806419338892	0.013540430710489807	3.1627958608823064
0.013958498874331347	0.013361781830040836	1.0913113676171915	-0.012847492949515094	0.01328991965465732	0.9345274559882373
0.010803912157519956	0.013731943059410112	0.6190106214745197	-0.004960912517578122	0.013895284713277972	0.1274642037910796
0.016759309092786175	0.013669074147378562	1.5032597275834494	0.0020056245115166855	0.01321589649950258	0.023030639625964612
0.018439068920942218	0.013553136074605225	1.8509657291797048	-0.02803914410712871	0.01351513186412989	4.304165188286335
-0.00910809789934528	0.013411772294176338	0.46119335089599783	-0.008156684301494013	0.013401394686837818	0.3704480486299388
-0.017400656419089472	0.01341133126221348	1.683400625008067	-0.004071798107997236	0.013412402500268589	0.09216357585404492
0.0015279375726422338	0.0134132392533097	0.012976090882486335	-0.01807606608690725	0.01347544272179594	1.7993753062652336
-0.0413963613358596	0.013310082233578808	9.673037264566721	0.009113005806542167	0.013208027509310908	0.47604429449709973
-0.02504773589153484	0.01337585045492946	3.506663892038468	-0.0021670818885318652	0.013538958263957226	0.02562006021400926
-0.011800906517904544	0.013490022413319716	0.7652536287559486	-0.014704988833085925	0.013561224014964391	1.1757950242322928
0.0010874110162507951	0.013617699115550025	0.006376465121168929	-0.020863702205571502	0.01402609323097641	2.2126326055867884
-0.036443566819357294	0.013456887000430465	7.334196482220287	-0.013850199181135926	0.013453125535548303	1.0599018462145555
-0.02698243408289475	0.013456345540811968	4.0207584946296855	-0.01649192774210775	0.013492304635924117	1.4940687080719055
0.006918866467364247	0.013784920414472235	0.25191925980774477	-0.01906998734598949	0.013743188560000277	1.9254214219549952
-0.0022697638494229497	0.013473394763408007	0.028379666022523772	-0.0035405610733697597	0.013590740779578146	0.06786688594848042
-0.003564050796686176	0.013610818546610816	0.06856765264015292	0.02237588836357937	0.013552678499135964	2.7259023953124917
-0.0031536652937031416	0.013692103628702835	0.05305066625517767	0.0369393845563175	0.013668549496542245	7.303557475279075
-0.00030849991878390427	0.013564745505266642	0.0005172336933991874	0.027784630021193933	0.013590410596389366	4.179690079260499
-0.022302198257090008	0.01339904589161557	2.7704326399489636	-0.005286072034019606	0.013277674713942048	0.15849738615603948
-0.018618772995043144	0.013663632496986692	1.8568198439693795	-0.017116088135109016	0.012862848015661886	1.770658268998307
0.009987516627121053	0.013520978810438986	0.5456306601926852	-0.007346030784586945	0.013538756114049887	0.2944068821798416
0.00874125398611446	0.013719844360675566	0.40592809360108506	0.006866440196626991	0.013803367911806438	0.24745324673075794
-0.007357345309128707	0.01369859924108175	0.28846289555561083	-0.02644648658038331	0.013815987047013879	3.664140628974608
-0.001692135488224668	0.013553497051614592	0.015587179484750269	-0.03693265817750399	0.013567113940903725	7.410477420598217
-0.007948967908405713	0.013379697980534344	0.3529627438270999	0.0031034079808305746	0.012993898346249937	0.05704253473653757
0.003315642639129198	0.013887202074634276	0.0570040775173852	0.013281180002796983	0.015263588019954245	0.7571118693539988
-0.01224274007199374	0.013261584971741626	0.8522487901332224	-0.009711408756592597	0.012948507223791372	0.5625032828637996
-0.031434102438037625	0.013886513640822934	5.12407736253812	-0.010342885601912231	0.01432965197643326	0.5209693299764687
-0.0009393716355174081	0.013506724585528807	0.004836985620582831	-0.018801692073064848	0.013389686285222848	1.9717555312811916
-0.003829208965414931	0.01349204996750964	0.08054938933844892	0.0021534438768512874	0.013445058430525639	0.0256532106517032
0.025824740352702255	0.013474007279527475	3.673485857100522	-0.0033364866270351205	0.013461947456807248	0.06142752180022988
0.01746200631390122	0.013451416912000521	1.6852029669329236	0.012129385940582224	0.013516751872980596	0.8052541038705184
0.005868271344766087	0.01361066519085049	0.18589241623591932	-0.019240404361059196	0.013705414014825865	1.97080688806207
0.018479002019536016	0.013573368312429343	1.8534537708127032	-0.002887389782919412	0.013508211876000797	0.04568936297448721
0.0009401723801590047	0.013338381909704797	0.004968309941191571	-0.011380646713981884	0.01278245189392009	0.792693961420714
0.010904123861455213	0.013462106709695281	0.6560780297070127	-0.016804614335345556	0.012678862074642796	1.756695726871937
0.015349929386103323	0.013492070600926064	1.2943614018855738	-0.017517466858700925	0.01325307358292751	1.747066316448055
0.02940978404959001	0.013488585462536982	4.753908903007285	-0.02344050488876047	0.013491185580709159	3.0187954786474736
-0.007537772934802807	0.01374295724052928	0.3008331637661921	0.01190669297957484	0.013864208230918478	0.737551185472182
0.008504749462871762	0.013551694252876695	0.3938545431491288	-0.02020516862523222	0.013474636105549326	2.248489518969619
0.008361183819531355	0.013596747343879381	0.37815120431333543	-0.007416451424252426	0.013586421232727902	0.2979766014295778
0.014826508324544796	0.013677334017954365	1.1751001057935855	0.007092776323614195	0.013399315333289743	0.2801994722911438
-0.005747223437525621	0.013594424108328066	0.17872879786855259	-0.0149956777078429	0.013560857531896734	1.2228069233233654
-0.024197328467909177	0.01354172276956217	3.192912393954998	-0.00661591779481035	0.013633083010311674	0.23550061328365265
-0.009967240363754246	0.013452901514191127	0.5489312273934545	0.0055233850277809715	0.013406388923983686	0.16974109840078236
-0.016055043965569386	0.013302246789211386	1.4567096485019533	0.0026986719664349097	0.013071826005455686	0.04262139679322496
0.0023247754040736017	0.013679659577656409	0.028880946658188807	-0.016093019103623433	0.01354161244316996	1.4123238499620192
-0.006258583325837021	0.013524393845673856	0.21414920112850283	-0.02513176860729927	0.013531251534431523	3.449611367524582
0.015225715101381416	0.013341310436364958	1.3024420785629172	0.005427162732201405	0.012447952511106752	0.1900858732788302
0.010482812135461619	0.013424808091241525	0.6097326247678966	-0.017549570987429763	0.013596355754796782	1.6660497640021492
-0.005747038006704865	0.01347910061488643	0.18178845902636157	-5.656568065690422e-5	0.013519532654675297	1.750582878434256e-5
-0.011032002197088489	0.01335550608821637	0.6823198092941227	0.0057169856292166215	0.013530532551712953	0.17852721091885354
0.007307284286959074	0.013376617449738032	0.29841413685479395	0.002695000568275625	0.013488291678282681	0.03992122180595971
0.008846234246579399	0.013543330465592456	0.4266442718509214	0.018566284608226683	0.013492811177822622	1.8934119844140835
0.026825503725445603	0.01363724088343332	3.8693921663104516	-0.003942415671558232	0.01352796812545139	0.08492971807243271
0.02444340782248862	0.013466708701401767	3.2945839283503653	-0.0032259442231445425	0.013550433782567305	0.05667705969455952
-0.007936425031820293	0.013669972929244241	0.3370656741310991	0.002341772020619004	0.013598483695522792	0.02965570519521585
0.0035387846757795587	0.013543746043682534	0.06827012095561535	0.017331625473699014	0.013512015491610364	1.645274331801588
-0.011611337849033954	0.013335090271279729	0.7581804877998034	-0.0024090042838218087	0.013072113659233253	0.03396123804905812
-0.01567780545128872	0.013398245539737678	1.3692245480920546	0.0073439237889045385	0.013095431532676474	0.3144971355074805
-0.00023558403289542719	0.013439586231000576	0.000307269821293692	-0.00526163353033818	0.013482843643740824	0.15229238797405006
0.009723810679896604	0.013533149645664848	0.5162680168053756	0.0011649666116809486	0.013510969566269921	0.0074345369727354385
-0.004197939884942894	0.013758400344813163	0.09309718413646813	0.00040351329217619257	0.014169847498359707	0.0008109336806737547
0.007412981621490054	0.01353734636716753	0.2998601576215384	-0.01910895530726377	0.013542839214493025	1.99092291197642
-0.000374645282385709	0.013511076772283453	0.0007688836271978298	-0.005990940232098517	0.013487758835881365	0.19729241536156106
-0.0013144212056898459	0.013472714944265074	0.009518288668534262	0.027067808063322495	0.013488185705845212	4.027162026473499
-0.026897288941635785	0.013636539739352646	3.8905289549122277	-0.007298113371329695	0.013568602777871057	0.289301678795997
0.0037279097110099373	0.013713642683784022	0.07389671140816181	0.003611822292199805	0.01363477360345251	0.07017087402013564
0.002498000708502476	0.013807005082835262	0.03273302520986405	0.0051811563645557165	0.013672146782262983	0.14360844312719645
0.00544820911820846	0.013750097575585355	0.15699867141929402	0.009523365337935127	0.013847971811612436	0.4729427242559454
0.009724897649661123	0.013479533033405086	0.52049958048852	0.01759386807140615	0.013500034353748995	1.6984505805878043
0.018256888585702874	0.013580119425669723	1.807367015228524	0.0042216044550877595	0.013541438291145189	0.09719087431824067
-0.00026134818786181384	0.013619122840834236	0.0003682482672731305	-0.002322138476822362	0.013581577270219155	0.029233163228962574
-0.020097099923735158	0.013323565959049283	2.275232754079956	-0.014899654220595467	0.0128036071840131	1.3542152389002982
-0.014479814584546807	0.013359784678173801	1.1747003123331767	-0.012921934140402849	0.013264709814510587	0.9489854183131411
0.008243776316350737	0.01405901694211921	0.3438289887907837	0.002327233276987059	0.01566198043698978	0.02207936007710182
-0.004961995407188154	0.013527623619552499	0.13454565994318593	-0.02472643108381658	0.013535798042230736	3.3369918128647624
-0.006718393803422292	0.013929394502980794	0.23263038342517003	-0.004990966505571799	0.014383433460533428	0.12040490336126086
0.01523949232462643	0.013637007892148879	1.2488285402904507	-0.004170644124009301	0.012979937246388067	0.10324311077373052
-0.003807603095423534	0.013790228713151663	0.07623605316790194	0.012825986701420943	0.01401697818546845	0.8372839681659912
-0.016120630738487275	0.01362515276529238	1.3998493487361785	-0.005225223086633267	0.013560013247609144	0.14848734651001588
0.016522422771116492	0.013385457614195151	1.5236352607905397	-0.0002460115259133908	0.013312177837209407	0.00034151728408078874
0.010854120845458438	0.013564715538231067	0.6402770327442942	0.02042606852496963	0.013496711223486531	2.2904122484047993
0.006942291405116081	0.013338320764755208	0.27089648144162903	-0.012653280236038681	0.013277666375688012	0.9081607939076762
0.00585339092788834	0.013622426046523639	0.1846316464298423	-0.004903182837810681	0.013729714587736992	0.1275361075276366
-0.023478642372541346	0.013705555342430202	2.9346254942341132	0.010525272625502725	0.013680761179237564	0.5918970619727894
0.01725428909299101	0.013225101537779805	1.7021432638367193	-0.013927447167310161	0.013520482595104678	1.0611057122710368
-0.007422714926133327	0.013476991028968547	0.30334698619127737	0.021541727773771936	0.01351325411120401	2.541213650458352
-0.012783607364158449	0.013484831653537522	0.8987021660679815	-0.0326287452605231	0.013467387848283758	5.869944721720211
-0.02823624069905078	0.013525431390758815	4.358243581981533	-0.004905599617763682	0.01346329975755335	0.13276425656793928
-0.01967773844017171	0.013582496057011173	2.098897314390832	-0.013888451452873537	0.013986463053128916	0.9860338976876438
-0.014650357597415353	0.01341114235154426	1.193341945565621	0.0030192399818234853	0.013378167786962367	0.0509333205899892
-0.00350716849355296	0.013662841369003458	0.06589177548656923	0.0026851020134961026	0.013721185097040957	0.03829467028146089
-0.03215865669118232	0.013468918086581827	5.700728728799051	0.01183643531595358	0.013517463491551519	0.7667458739592128
-0.003961713049660026	0.013589226751709206	0.08499170492423952	0.02502302036528033	0.013609193722678619	3.3807625306563125
-0.010881837673826961	0.013724367426720278	0.6286657689719832	0.0020927476843426067	0.013729498739985647	0.02323402096879532
-0.0029035436339585664	0.01325148996065708	0.04800951183880489	-0.0003270672437764715	0.012882373966697313	0.0006445881209682043
0.013953286164420105	0.013594160064347015	1.0535332431892588	0.031344788378905135	0.013687109093905008	5.244537879303362
0.00598245653559915	0.013330420038955156	0.2014055508104125	0.0021291896054037476	0.013263842202401373	0.025768550009189324
0.026762304101852975	0.013405589275158369	3.985429987290989	0.012228859017678336	0.013332491919432162	0.841296763386073
0.011663025437541589	0.013340242389556013	0.7643548124639844	0.02103093357616469	0.013771282974374265	2.3322134669173433
0.02153946694693481	0.01348400025193954	2.5517163635149838	0.005864074296415616	0.01352965646890551	0.18785613767463136
0.008624159217289162	0.013460021396996456	0.41052728870482086	0.006281547818480584	0.013512745621022398	0.21609570641155915
-0.0023260141993162874	0.013706521410774329	0.028798523729415475	0.0070581534698112534	0.014159583924689342	0.24847414832352083
0.0028153268822388045	0.01351839888038701	0.04337176947999219	0.006742874462708842	0.013427865002004028	0.2521600114551708
-0.00617524597379705	0.013386545468928833	0.21279993327989064	0.004167260205930984	0.01297778520221464	0.10310983079633357
0.0023587297292838134	0.013264106975653278	0.03162280064119435	0.004180482000094451	0.01343570445642059	0.0968125883330912
0.005589163985038233	0.013493866281357094	0.1715619206361418	0.024429895775557427	0.013474397154305416	3.287187982081321
0.00459529088820413	0.01343501476885797	0.11699026364718271	0.019991801661672692	0.013548675322000176	2.17725951883022
0.002888162654679439	0.013558809483061023	0.04537328041918931	0.014960033597582441	0.013562216578993492	1.2167568133929128
-0.022409351603298804	0.013420642329311215	2.7881233081455736	0.004907872797054663	0.013477258208148539	0.13261220556506068
-0.010468404963002952	0.01367993154699015	0.5855893651143842	-0.0008409020334154165	0.014076568750723743	0.0035685944339129967
-0.015643990481578076	0.013457055336128685	1.3514345248320065	0.013405741481387326	0.013519803987239704	0.9831977814928174
-0.0005586661556615042	0.01339734923249519	0.0017388694115390724	0.002283055928108402	0.013437187995627861	0.02886797460100509
-0.017034851287921014	0.013103900095993552	1.689956579933852	-0.0010807285065025213	0.012045358958053488	0.008049959967921948
0.010687636644566909	0.013463524533633241	0.6301527394234453	0.012657638867637652	0.013473433846035233	0.8825692924943566
-0.005685874860847374	0.013558230461216925	0.1758687071050364	-0.00439477217406744	0.013601285841091484	0.10440295636196945
-0.005811409487833548	0.013581382406451443	0.1830943744419933	0.012115270649030233	0.013545527475765961	0.7999712843885896
-0.022534185939648774	0.013554787754678662	2.7637471250604566	-0.004973362340549943	0.013519456039216997	0.13532616265530945
-0.010626052319211253	0.01352405878666985	0.6173476510147118	-0.017830968165782807	0.01353437082062257	1.7356961761685845
-0.024868901903623727	0.01353172380917908	3.3775902983374086	-0.0032657062717408097	0.01350884459498205	0.05844102566346458
0.014381877561878663	0.013733124329158705	1.0967116846158151	0.012040501575187294	0.013969051580844551	0.7429426930641782
-0.0046180297093419784	0.013515197685147902	0.11675315901597028	-0.00931664658216149	0.013511686723031624	0.47544480671068684
0.007534851369675769	0.013523740487770795	0.3104243091507001	0.0037349194499088603	0.013460123520435695	0.07699533079996379
0.027957174678287674	0.013452609899309088	4.318903124072028	-0.0026105880515700287	0.013504966644034654	0.03736712288011088
-0.0011074906973047522	0.013761855921746963	0.006476288101843751	-0.013856104336643874	0.014064842417414136	0.9705380095028513
0.0041004145269980165	0.01324576439772438	0.09582999709202959	0.011874387864277422	0.012959641127841051	0.8395305613200637
0.010011921904635747	0.013342074165132467	0.563103472851201	0.01850412457339045	0.013235843102672715	1.954491860953644
0.017557893815383935	0.0135187511175928	1.68683145574922	0.01861879246147393	0.013510323028792409	1.8992037360438536
-0.0005607286083834297	0.013419654046339415	0.00174591376369419	-0.0030011130634148573	0.01351377880572335	0.049318641166830594
0.004117465742505448	0.013663478864595614	0.09081078091171815	0.0073118841373681475	0.01351170041391046	0.2928455219464137
0.007815017889469159	0.013648536566635243	0.3278595041674331	0.0002657681041079268	0.013517617840615028	0.00038654974235027525
0.017729931518748833	0.013474438939475008	1.7313813492680765	0.0012522543290405187	0.01354056103062789	0.00855286792168813
0.013555624679231808	0.01352893823968997	1.0039489809429354	-0.009875523653852403	0.013445778334722809	0.5394464912057394
0.0057122286607677155	0.013359045755289102	0.18283540294351505	0.02398546410862527	0.013139753251391006	3.3321292049395907
0.012501580501483393	0.013479175166414593	0.8602074692753184	0.003907918780346127	0.01343970392854535	0.08454961904162862
0.018588685338381934	0.01356439996294078	1.878002550942271	0.011320266268683564	0.013570739023937541	0.6958350276027349
0.016935750400859213	0.013786642478663817	1.5090091112599597	0.002437226137321641	0.014052336482403166	0.030081159544675502
-0.012147881161057831	0.013595898044328456	0.7983351864035777	0.004176360547924775	0.01376337311301247	0.0920759487075517
0.005983105954869999	0.013574019601542697	0.1942837348721639	0.008052314555732838	0.01349679997994169	0.35594249483617707
0.01489152241424815	0.013599351016101826	1.199062530249323	0.014203769376334866	0.013778486922544008	1.0626840630038714
0.013819399684699977	0.0136193583916516	1.029591760736834	-0.02208394465926001	0.013556840912711064	2.6536051471499684
0.06936901896182683	0.013543693648814284	26.23353775443635	0.0011492282912876643	0.013539260557143678	0.007204813199399057
0.16195745963023853	0.01342698166782394	145.4940121579115	-0.0067116932890559705	0.013771892680947459	0.2375072899716097
0.009574778229747788	0.013559640737657625	0.49861011118454246	0.01888090645878376	0.013470191641157817	1.9647085371094315
0.008323940454425652	0.013514095693146256	0.37938831437372567	-0.006849236421919652	0.013634588669477966	0.2523482130244126
0.0030328262467511206	0.013311031284781052	0.05191246502494687	0.0036253208788473595	0.013191463912836794	0.07552781432653827
-0.006172064832512641	0.013739271723037546	0.20180574856837946	0.01405674781790322	0.013713738003647542	1.0506498691170352
-0.007759491396353166	0.013361825112598593	0.3372367890192425	0.0110666475654746	0.01347829246851002	0.6741591087818299
-0.004315683148221838	0.013583495331791819	0.1009429582368531	0.01370429184668423	0.013583863399553394	1.017809701982735
0.005298917605357782	0.01345745069346773	0.1550417774323902	0.003613245197306536	0.013387651141790144	0.07284270995163386
0.008859612075274277	0.013516328891755755	0.42964712597100063	0.00806673045480473	0.013438714914729913	0.36031273224537463
0.020709261565425137	0.0135127823337919	2.3487655297117516	0.023191891750866892	0.013500355523890265	2.9510865004311864
0.0010610889614176106	0.013435990660468206	0.006236834309605333	0.012684651054253128	0.013317470131779512	0.9072220272958502
0.0046122037188637745	0.013624264753253321	0.11460163517771506	-0.00033020454138184014	0.013333759236096235	0.0006132829147552712
-0.002890433646751813	0.013739082137029148	0.04425991427004498	0.0010378406812498779	0.014776369720375708	0.004933167732654376
0.010053506181764663	0.013252888247123163	0.5754585232386145	0.00846205728324021	0.01279590023855075	0.43733096741799693
-0.005245105934963371	0.013645934136944359	0.14774132392592199	-0.0004458020308579181	0.014479980877363942	0.0009478685386123912
0.021688268948189284	0.013657841183950942	2.5216549722418904	-0.004530294161451208	0.013623780276053928	0.11057515166140007
0.006117172798466762	0.013274640494108987	0.21235180690475472	-0.008472062671842456	0.012776836171816904	0.4396748936579478
-0.0085626370319998	0.013490244336777297	0.4028797492215953	0.018894618385051503	0.013443165810260062	1.9754822831511776
-0.001530321583193103	0.013581292742732376	0.012696475704836915	-0.02062716389099226	0.013522847194945179	2.3267126830304017
0.015386681492733909	0.013514235449621622	1.2963043119215956	-0.005017245768953101	0.013513922061225118	0.1378376724715797
0.01698426602389665	0.013574744356105924	1.5654177286010107	0.01579035999149994	0.013539058341175012	1.360213695123027
0.024242240166009302	0.013398054257147053	3.2738745546597046	-0.008097960151756645	0.013481511090027355	0.3608063099963118
0.0083504357253466	0.013455186888981507	0.38515789662552014	0.015341829515664837	0.013521223048354993	1.287426222582864
-0.0017638422627348335	0.013258109910112517	0.017699306852787856	-0.01011819515190628	0.013347156048714922	0.5746833660338393
-0.021402321359671156	0.013646671846132564	2.459621409639805	-0.018910942989242775	0.013940997124883005	1.8400884336520524
-0.018342008177646498	0.013549373514265614	1.83254790013358	0.0024848543911443277	0.01360152041020735	0.03337543804895758
0.004978481765693251	0.013440586061654037	0.1372010482536491	0.010018989153457957	0.013556135809023886	0.5462305559226995
-0.008954872521533642	0.013677756606169855	0.4286364239430519	-0.03144774215636505	0.013820931702563646	5.177311530575156
-0.002729011566324183	0.013465045412565246	0.04107665853128013	0.028068542311585898	0.013419178304516959	4.3750988599198894
-0.004215675777954662	0.013618232046807033	0.09582811489001164	0.019987376231060287	0.01356456116644912	2.1712012402528007
0.002996286176313696	0.013586324306486625	0.0486365350192719	-0.0019248259437543093	0.013643623224686726	0.019903226807744093
-0.004990177605909643	0.013564538212432463	0.1353386933343559	0.012067717012772445	0.013513178173336969	0.7975083315217916
-0.002401286849186621	0.013430638301029156	0.03196647718759441	-0.02282460081818327	0.013286637434423255	2.9510475914803402
0.012906388444202152	0.013478689828416457	0.9168833895085816	-0.004133564841971932	0.013487818994851342	0.09392172298346715
0.001147985523843255	0.013941798334534709	0.0067800864330950445	0.0019096482169040495	0.013811091639351647	0.019118364156124962
-0.023198726427917548	0.013445249382900606	2.9770803972125295	0.011314887668210613	0.013442522241010819	0.7084985504732155
-0.009396552811246205	0.01352876480778061	0.4824150235451298	0.0011173682850719156	0.01360099880747632	0.006749181006427701
-0.0028358458023553614	0.013820022573672982	0.0421063620490995	-0.001900165121453533	0.015007049315120615	0.01603216097538424
0.005761472376342571	0.013933093055341168	0.17099046472205412	-0.003036342963183783	0.015055755286893803	0.0406720961025732
0.03246862213762064	0.013599290859890685	5.700266927336973	0.011881912487078712	0.01366035739759178	0.7565690564855959
0.016858054090770756	0.013538506138518501	1.5505057942565166	0.006250982239413445	0.013513345275040629	0.21397881745938122
0.01980797801130842	0.013429553838567743	2.175490149753536	0.008970161664656123	0.013549916805466944	0.4382554070088094
0.016578598103512827	0.013566663107089847	1.4933084617211092	0.0076912427228511115	0.013528837116708168	0.3232005553212736
0.016172436469222614	0.01351593936194638	1.4317211419650158	-0.005957148584277951	0.013551470429774188	0.19324311140008055
0.008841687609890849	0.013345865876153554	0.4389113597391089	-0.008710491234975472	0.01321671119711054	0.43434866976573805
-0.00023269130221954858	0.01356762689414213	0.0002941389352176392	-0.01553001620761519	0.013595789425089178	1.3047729933231136
-0.0035952223685063113	0.01343712168691532	0.07158779964738118	-0.01022100528496586	0.013807614846671028	0.5479613125356081
0.00884735749542289	0.01405578297405377	0.3962023677235585	0.019227432133783296	0.015949030511879504	1.4533626546985416
-0.0015363168685029783	0.0134691849743764	0.013010049943221443	-0.0003423453021127154	0.013551356194765997	0.0006382094398008195
-0.0031303498796772396	0.013561367500491405	0.05328178829628281	-0.015315004096099004	0.013508207487580266	1.2854014602423287
0.019131153280123867	0.013391997843967048	2.040758251482635	0.013225359640593197	0.01324399415268454	0.9971879476315013
0.005030762212458102	0.013361600775533606	0.141758985718595	0.019750254525798445	0.01333264444883715	2.1943848611139574
-0.0009600851270553372	0.01340738302718447	0.005127804399667085	-0.0054269786653062995	0.013409664669849306	0.16378736385402995
0.008079982292238556	0.013579052410659372	0.3540640957363066	0.00128555248041592	0.01353673556495545	0.009018861774514688
0.015223039526041636	0.013427524401712696	1.2853187690792232	-0.0032234697580552285	0.013449611421122297	0.05744175839480481
0.014377004628620533	0.01345251571383238	1.142167528364301	-0.002004563678167213	0.01336254276524625	0.022504092147811426
-0.021968422465246495	0.013475292328794186	2.6577942198346567	-0.0044616972260078025	0.013434542698991967	0.11029464186649159
-0.01641249356820125	0.013718782285911352	1.4312582723536305	-0.0011339141205235538	0.013846520661645212	0.006706238753118742
0.026930626106572913	0.013706489762233608	3.860472016377476	-0.009586257097706146	0.013722657087936928	0.4880021357049122
0.027631830379542897	0.013401117318013134	4.251452098534229	-0.004198542447793121	0.013536295335508049	0.09620495795375524
0.024096671016794427	0.013428679802214634	3.21993763264493	0.012353923082115489	0.013425245325063699	0.8467697308063447
0.003154494166712547	0.01339791936824118	0.05543508754701859	0.0004342168599098278	0.013165838554120022	0.0010877179968584352
0.00021250718997332298	0.013564738518137207	0.00024542816721127186	-0.019488264236710056	0.013444845469567132	2.1010417822378473
-0.0027452886747395704	0.013675925739361845	0.04029605857235292	-0.010499747735905889	0.013613448797392486	0.5948690931729536
-0.006146155772080934	0.01352760050883434	0.20642656575357157	0.0021004361614913782	0.013486045132168072	0.02425770753560649
0.015977132610166464	0.01353593706798993	1.3932242549934737	0.009947574558847263	0.013350233425095755	0.555209242714569
-0.001423441475263515	0.013327592370332323	0.011407115247634391	-0.009218142256618952	0.013299718826646495	0.48039877680591253
0.019838947862133464	0.013636263785850289	2.116637491960864	-0.005593684857537346	0.013713593702711482	0.16637705526456673
-0.010230661796747403	0.013687583772640224	0.5586681024483872	-0.013512987100010755	0.013726164346140443	0.9691797588175511
-0.02832735241941773	0.013650577797558357	4.306355731306409	0.003374556916200467	0.013568319251982233	0.06185593951079731
0.01453274364364121	0.013367797891627547	1.1818857156595852	0.010897738835037678	0.013162228065586876	0.6855102742358209
0.010697393305305777	0.013486334868537607	0.6291700615258959	0.00183701804694088	0.013084737837986199	0.019710461564660636
0.0065646125014098425	0.01342899822122987	0.23896316312952257	0.011589858047010343	0.013482061577563383	0.7389986086072965
0.0073400063306408095	0.013450561644106638	0.2977913170976165	0.002894117605497679	0.013763988281439456	0.0442123665460048
0.0046364254204807566	0.01344443668494804	0.11892723891439345	-0.008305667308793393	0.01340675475187431	0.3837971383047397
0.01254654753161668	0.013246334639020143	0.8971334045213152	-0.00259308698485866	0.013473171109274821	0.03704200790189342
0.019475915762046415	0.013344648728798147	2.130009214528167	-0.015925210747404328	0.012760633094004112	1.5574923903024878
-0.00482626586428059	0.013430513939996048	0.12913299401078274	0.004837339782793702	0.012303424682610895	0.1545827959194851
0.008063242160510097	0.013258258378637328	0.3698677363145417	0.009940071401952005	0.01292237569339826	0.591690071284256
0.006338715965090967	0.013236605296742263	0.2293239141297548	0.00019971579198155292	0.012466025778929132	0.00025666625415609175
0.01178967207700136	0.013357148058243064	0.7790690854628471	-0.01802273757516269	0.014010071104311675	1.6548584020976667
-0.016146759646314016	0.01341597632542519	1.4485256660879984	0.010792755578194186	0.013375870299458987	0.6510593581037295
-0.024697905586767866	0.013492967170659698	3.350466846189691	-0.011943373852444634	0.013450535813681937	0.7884513176882629
-0.0551478285979942	0.013647286515629298	16.329173950562637	0.004898281354044598	0.013760113115025186	0.12671949868067245
-0.023221630113553753	0.013589458067172683	2.919988428743865	-0.023513268644049408	0.013678094986571855	2.9551176846422846
0.0006351711931836863	0.013454618094428843	0.0022286344363940114	-0.017416523666710947	0.013388786958002167	1.6921563431398694
-0.023702036455978362	0.01359433855148591	3.0398710462994973	-0.030157474382378313	0.013495420845199228	4.993638165996163
-0.010102595645843804	0.013480133359501911	0.5616652617449598	-0.01071867399580575	0.013484467471366786	0.6318507779231507
-0.021578409481087902	0.013218598845998988	2.6648208304141074	-0.002533376749851661	0.012476981116268483	0.04122688533660491
-0.031161969589094708	0.013633816156033362	5.2241415021998545	-0.023942934705947393	0.01404046437668239	2.9079826994717046
-0.01029816764866478	0.013551626935077972	0.5774801232397416	0.010373395303249829	0.013381555468197451	0.6009366046226857
-0.00638129638724627	0.01359008938324719	0.22048203394254934	0.018050093878028403	0.013692740772006754	1.737713429499897
0.001262331345502528	0.0134674498762841	0.008785692469014143	-0.006063902555384165	0.013495275780652132	0.20190212951249062
0.004406972141902742	0.013593245312892252	0.10510764396313545	-0.006931064899246292	0.013702479886618022	0.25585952204538115
0.0013017272079972498	0.013797049134446687	0.008901589091393984	0.00318136020300476	0.014292468493310855	0.049546296920365294
-0.0009306608997623235	0.013547062575065997	0.004719463835415558	0.0003679623563669259	0.013585113833892708	0.0007336352983947426
0.009455257229095775	0.013580100490616807	0.4847755739365112	-0.0019305861890161426	0.013582945185123286	0.02020181984688244
-0.012859122494040616	0.013408898023101266	0.9196794680330107	0.0037384589870460222	0.012584081791671736	0.08825558060531133
0.02225657626372992	0.01333414335206479	2.786034405489897	0.023117507959397203	0.013464568672431015	2.9477940663799376
-0.013896803015527062	0.013162386642752117	1.1147064525861734	0.02220795163020593	0.0125153705710262	3.1486876386774276
-0.02044063248376908	0.013489839551417535	2.296016957412046	0.00758966625610266	0.013483081816730835	0.3168597082715292
-0.023668602556628622	0.013436854825931719	3.102772860527364	0.0026697618477325505	0.012230692939703981	0.047647807213103854
-0.00587459144320658	0.013326382177045439	0.19432595420889204	-0.002325452559288152	0.013511564025081907	0.02962127315999642
-0.005346011012948315	0.013433397736127842	0.15837548253594913	0.008249494813458045	0.0135193867990731	0.37234087952054484
-0.005509351709012688	0.013363948842766121	0.16995399862968294	-0.008563614896961677	0.013513021221337098	0.40161445935870826
-0.001935927835841866	0.013416180946569543	0.020821907590020616	0.005557240980674592	0.013452142822424625	0.17066148492947023
0.014001064933523124	0.013532764165349842	1.0704074241039814	-0.027680578458940064	0.013497360472274317	4.2058388646525104
0.006689040681402427	0.013572509284609856	0.24288873872168923	-0.013891718269529485	0.013509537994374403	1.0573796307294894
0.006842106320421835	0.013594488547608653	0.253310907356851	-0.003208880351466904	0.013474173310412894	0.05671563380274124
0.0022072126746517074	0.0135645550694436	0.026477517065297686	-0.016866235660417554	0.013382823797881535	1.588330254311294
0.0006511738460653497	0.013394085777407964	0.0023635660676266075	-0.0188613545970445	0.013448907608698117	1.966852262867284
-0.009256458327585	0.013870907803497099	0.44532792630828544	-0.004431842500078474	0.013934155372242818	0.10115965469855011
-0.011322808206668193	0.013529665310595894	0.7003807407342771	-0.0026676369628606776	0.013532629507694483	0.03885877170555931
-0.013043269402511694	0.013476818988814001	0.9366948630203269	-0.01624221022619766	0.013517393429082432	1.4437910526925435
-0.012892207703057901	0.013561311228877057	0.9037560577652977	-0.0006048420256768184	0.013592628363927871	0.001980053990508993
-0.009548602763081063	0.013618402408451408	0.49161749196229704	-0.00806380875347982	0.013578992238344361	0.3526511937233353
-0.054445098280531505	0.01366960299515244	15.863746782740026	0.024024874799386368	0.013877538749354141	2.9970733290370983
-0.00493932568677971	0.013411344352647566	0.13564091145322613	0.008032100539454998	0.013309548315720081	0.3641930365298402
0.014876728247741302	0.013494556752530057	1.2153394950670715	0.007129358473530331	0.013442382214026778	0.28128619919990816
0.0068490820927613934	0.013587355386282326	0.25409427128843676	-0.011835998677611117	0.013582644847860953	0.7593484760282321
-0.014460524204052158	0.01347362891658743	1.1518579106881566	-0.016330637173625106	0.013353965162544489	1.495497812395041
-0.02701972522354376	0.013501743378252364	4.004812222854807	-0.0032239302542379404	0.013502083803913286	0.057012446431476536
0.0004409356270330428	0.013471695633494913	0.001071287054472115	0.017138677475705983	0.013433996105057756	1.6275868640075066
-0.021150037016240922	0.013432079031141325	2.4793382855428314	0.010034763829580072	0.013329985003514707	0.5667023189770279
-0.004589230008902929	0.013648052952878584	0.11306762031401381	-0.023536863063977995	0.013792289735563562	2.912221592769013
0.009108869384606031	0.01354174202074226	0.4524596730491281	-0.012393260206102562	0.013603050307957385	0.8300390561218571
-0.022061979814030148	0.013475597263739003	2.6803587134218514	0.010024519660112747	0.013495006685957394	0.5517990338338363
-0.02529227408971023	0.01354321297872429	3.487645563721322	0.006762789297468099	0.01349930784893348	0.25097398728869347
-0.013552937368301727	0.013553670729617166	0.9998917870310221	-0.00433403608485651	0.01352932731370126	0.10262014838669833
-0.019331407138630116	0.013481495010638188	2.056131206550056	-0.0024703246976747087	0.013451202989029727	0.03372763020611559
-0.0005090186170316966	0.013631130155114324	0.0013944521110188328	0.02217309878216831	0.013770827382784012	2.5925832731348186
-0.0019285638751474514	0.01355676448953322	0.020237457610814906	0.01572268431858057	0.013486083566986277	1.359194775377834
-0.02450199902619139	0.013487091186739478	3.300399015874162	0.004027341165514282	0.013474469882296537	0.08933331835795023
-0.03211487943649616	0.013516738330525998	5.645062818090419	-0.0006412705279075299	0.013426927823582216	0.002281020837278236
-0.020773642662546932	0.013517265287660804	2.36182458573851	0.02076148503596114	0.013595388190435952	2.3320271606373444
-0.007537576740756088	0.013684770300959744	0.30338106333941167	-0.0295538813621154	0.013778198842057398	4.600914419368813
-0.020501331780147992	0.013417945407409792	2.3344904784402103	0.004759081365272508	0.01343540301640773	0.1254714344859774
0.010429094956119569	0.013535574098420062	0.5936628627910726	0.007413520630704789	0.013558741092784689	0.29895805903453554
0.016791153124735878	0.013544444617467281	1.5368753352513862	-0.007860114437063562	0.013461934091876704	0.3409124157800453
0.013261350459381102	0.013589204409931742	0.952329948264196	0.015218196539235203	0.013703696814199912	1.2332493467173045
-0.0038998660018120792	0.013481335286973385	0.08368228882873514	0.005085676604524657	0.013572372269048063	0.14040609279186814
-0.017405586350296615	0.013514252409764296	1.6587970871745137	-0.014542508803623495	0.013534896228849846	1.1544332051169472
-0.039665882889481446	0.013410966691104236	8.748106931414355	0.005992689330710386	0.013303378131230672	0.20291757178246747
0.008084765339274505	0.013630327607480707	0.3518213975164031	0.019631947981340155	0.013495299244647235	2.1162245642590762
-0.0032374550025891717	0.013238949691946432	0.05979989453302482	0.008788897968795296	0.012408267095377066	0.5017028622972356
0.009311193549334405	0.013545711042701903	0.47250574646439436	-0.01410229371600158	0.013498890660861226	1.091398499029808
-0.012362699399748704	0.013259992241042634	0.8692407523621665	0.02352285804287335	0.011908961949488745	3.9015067270790573
-0.009896739670316467	0.013474815387664247	0.5394344088473659	-0.010101720375897797	0.013508570385642994	0.5592061067467756
0.00235554801092187	0.013462347866906869	0.030615566783304262	-0.016273535769700788	0.013536972792836992	1.445175976551586
-0.0028197157674130996	0.013510979118632985	0.04355489991598226	-0.0012314413631410116	0.01350173795973153	0.00831855944061664
0.012181618621236928	0.013456377547633075	0.8195088912992201	0.021969004138003075	0.013511644487612835	2.6436522195492373
-0.017243295062655203	0.013344218857282104	1.669760592687629	-0.018939519758094586	0.013397721641546336	1.9983705659040916
-0.006222707491483144	0.0136457185093414	0.2079533672983145	-0.003967394310724878	0.013443333686916248	0.08709571223313965
0.004170992979493074	0.013417341756934402	0.09663755952724419	0.007403060437435284	0.01348998480746809	0.3011616505582613
0.0019771298261084765	0.01345146684480703	0.021603846577679966	-0.0009853247761339825	0.013510308336713815	0.0053189791161107605
0.013577803384004722	0.01364298325532527	0.990467748813191	-0.011214000076743575	0.013702692053433461	0.6697447438798072
-0.002745636945046768	0.013312807968980277	0.04253504385940523	-0.0008869100313057171	0.013370345199898302	0.004400214963913982
-0.012736810878292948	0.013343671388980976	0.9111098130125616	0.002338794925882084	0.012809418356337136	0.03333691947085434
0.010050441051294969	0.013503220704017155	0.5539818154719234	0.0018908058257024144	0.013542015214160548	0.019495180865375827
-0.013684793240283323	0.013478343996281282	1.0308688287955783	-0.017192787698543134	0.013835369766733571	1.5442267080806742
0.015277864641360932	0.013628613563383157	1.256672065136523	-0.001745026726043848	0.013730148227276355	0.01615301937574717
-0.0002041048956784171	0.013447107224326146	0.00023038229910574568	0.007046858569260573	0.013548738458967311	0.270516270805234
-0.001958074669441904	0.013634173293502356	0.020625328727030438	-0.010332934635801424	0.013660418917496581	0.5721624185565306
-0.004451762365098669	0.013491580776636258	0.10887753291065624	0.009022700466051244	0.013518390452005388	0.445474765512593
-0.00704152505444522	0.013606593333687153	0.26781484585841486	0.01353885965948822	0.013563608292105189	0.9963540595576819
0.014043342443974264	0.013409583691772243	1.0967569168762032	0.01694102361334765	0.013485829330321747	1.578061691834773
0.0021230080033420987	0.013487952446723109	0.024774860084538834	-0.009771380104721804	0.01346554838773577	0.526579230401419
0.001247888874425658	0.013589235374335	0.008432605505307422	0.009047054299590416	0.013508946015591734	0.4485093090845243
-0.005905778527749619	0.013540335369560619	0.19023721114997416	0.022397388276351626	0.01348248600469522	2.7596550612960447
0.005471820546927491	0.013510734432909259	0.16402338738218333	-0.01082169408078563	0.012916052629270963	0.7019899480037358
0.007541187053020978	0.01347491212976983	0.3132041752073652	0.001094075368974786	0.012951761272658334	0.007135703890697031
0.01027658211703361	0.013333965053000772	0.5939895009848875	0.013940795232041971	0.012547197095723201	1.2344731719668736
-0.010240891541510887	0.013591357145580418	0.5677405103629567	0.012446341780752128	0.013592994565691284	0.8384036470546565
0.021692034608729396	0.013360570126663553	2.6360314991675953	0.024657276245278303	0.013243682888236892	3.4663519420304003
0.02508999755622367	0.013482095430133107	3.463270744633606	-0.016824136949147424	0.013567248849280617	1.537736801047822
0.023332096934552852	0.013308275801955772	3.073717564235258	0.020951766845933542	0.013365835714759222	2.4572484380113586
0.02119536477762829	0.013431162660061223	2.49031665511922	-0.018430642969105897	0.013324697686392191	1.9132258653342957
0.021324702400500682	0.01335525963183096	2.549536814673448	-0.006612600364496048	0.013510796513734612	0.23954253828314345
0.02073491963064779	0.01338667944006381	2.3991587462921586	0.008350533125428963	0.013492635122243813	0.3830318201979262
0.010833645384969507	0.013407127969720819	0.6529466864310197	0.012013070776614275	0.013159136680531563	0.8333995773418951
-0.0017347405900879113	0.013616265999346924	0.016231289612898717	-0.00046711560165701695	0.013725968807280024	0.0011581444510614857
-0.006644345363111834	0.013740562227055728	0.23382739436948707	0.017495101846655797	0.014037367426686554	1.5533224343944332
0.00020189820056119216	0.013524910360283924	0.00022284151673111473	-0.005496015511505299	0.013340814409898432	0.16971929319407997
0.010136262270426409	0.01317011149988022	0.5923477931380219	-0.00979197771436854	0.012921642574808588	0.5742557930922201
-0.013937488762766556	0.01367156976474484	1.0392793413843302	-0.002194623260507562	0.013529143889400824	0.02631354278871676
-0.006875651398619014	0.013507940287201061	0.25908927436215257	0.0059677510841225495	0.013487840591062299	0.19576567748103624
0.0045386946537957365	0.013439152153565902	0.11405601409570548	0.0017411143964721975	0.013385756949529037	0.016918768299860634
0.010656412807285047	0.01355572052534703	0.6179834699653124	0.0005829112024283504	0.013518103480482059	0.0018594018989404576
0.012043813832763447	0.013398283323112053	0.80803421942157	-0.009506163095360863	0.013380744050936096	0.504719396616778
0.020152338960129915	0.01336145393752619	2.274801369477473	-0.004846686470820402	0.013534950948134297	0.12822611387936234
-0.01047432172079608	0.013553619299290042	0.5972295018846486	0.009419522235640593	0.013593992577029063	0.4801353636085623
-0.00487597040550496	0.01357654460318293	0.12898631052910953	-0.018902495309367117	0.013675065409591645	1.910642585558393
-0.013199831981928003	0.01346797159990317	0.9605775282898019	-0.016980153036811805	0.013419250404981212	1.6011303368849552
-0.012888314514565954	0.013442176424540226	0.9192911287497675	-0.031795222443665734	0.013508239182765832	5.540210317722106
0.0008749255828329739	0.013594683131437881	0.004141942372650114	-0.0214054171833104	0.013485040904198695	2.519665309480898
-0.00959069119764009	0.013510402099470225	0.503921938418724	0.02014856247534971	0.013505482804254329	2.2257065506473506
-0.04272676536630906	0.013539648874646055	9.958300509498532	-0.01738131211121158	0.013952845320179947	1.5518136113380625
-0.018503910117900882	0.0133820722606707	1.9119665019548613	0.007139651095322498	0.013507201151240787	0.27939796776250636
-0.016497791312819334	0.013504362807710515	1.492462463493	-0.005770058084666194	0.013519081649665922	0.18216544038510224
-0.029239259209689	0.013273025128325424	4.852805638231174	0.008088480462194644	0.013005859281613014	0.3867726712953084
-0.0076822174146683195	0.013644501417087136	0.3169989665940264	0.011814365061199766	0.013612587072351516	0.7532505045016277
-0.0007722864301053979	0.013464558022731832	0.0032898235371417563	0.005638671105564408	0.013408917392036758	0.17683413273559792
0.01329205881262313	0.014213997523316903	0.8744843417722419	-0.012339813189504412	0.019424946945490802	0.40355012619293607
0.012013312207732116	0.013483394553301102	0.7938291482841137	-0.07601812109390561	0.013489751787461778	31.756040334769637
0.012644825279269153	0.013540873504149105	0.8720317621687792	-0.012303612226089321	0.013564141902521644	0.8227741165555573
0.015041253225451556	0.013344478636123239	1.2704711989412107	-0.00487275821140318	0.013090135975968214	0.138567508507958
-0.003968956384774556	0.013575304415600925	0.0854778320400876	0.004229789433152806	0.013615873743657582	0.09650425547339832
-0.021881315002167258	0.013413377267011266	2.661157365048202	-0.010787774303028347	0.013330568140137397	0.6548870237779535
-0.005255618961568523	0.013647424458864372	0.14830177310957868	0.015693055474597685	0.01382678334080259	1.2881685875636844
0.002574306714828945	0.013364783202058408	0.03710195058008998	-0.019646410334383368	0.013496503929554898	2.1189653252849805
-0.01016137801690686	0.013536394773212963	0.5635068411156477	-0.003098993082766373	0.013463734489924292	0.05297977828892612
0.00939645802222939	0.013089792944902704	0.5153031556609267	0.004469243401208172	0.012890911347440779	0.12019897708240707
-0.012961753026271828	0.013608528943028964	0.9072043451548849	-0.00434786200566264	0.01351564189885235	0.10348517791033653
-0.00687919754840491	0.013424126381455414	0.26260530668639015	0.023054232393314292	0.013502462547958477	2.915247090812763
0.016641425956037244	0.013546095468827658	1.509220896897784	0.005442015944213006	0.013723153525446233	0.15725764795226504
0.028101505766318646	0.013594669251514986	4.272891753124499	0.0034410834519615833	0.013479236247157746	0.06517181858444417
0.02039253196923899	0.013354781304269018	2.3316789000411413	0.007139570418998838	0.012869490425865769	0.3077665815363496
-0.00407501516858517	0.013550229522774416	0.09044095843246606	-0.0025729081159831025	0.013514948734021662	0.03624263360282607
0.0073634016219177156	0.013762176508941999	0.28627454321066764	-0.0038519742047007097	0.013636349331046533	0.07979404911086857
-0.011239489082289006	0.013502026373040031	0.6929393681036997	-0.010593825573434239	0.013398039471036249	0.6252059899786476
0.005947778646988292	0.013272323200767726	0.20082403885457348	0.01242305684629377	0.012986500697932541	0.9151086459994019
-0.006024265998830193	0.013581842294945475	0.19673920524575872	0.015543155715327002	0.013498226236416888	1.3259434128555425
-0.009797371027369663	0.01320168010044762	0.5507578559478966	-0.00576764679805948	0.012649489298837172	0.20789848761972118
-0.007117371398402377	0.013498149595926982	0.278029439092459	-0.013208747193694272	0.013542996033614868	0.9512479936605751
0.007853244485149225	0.013737074717071345	0.3268208198976225	-0.014084743080866867	0.014873172812677048	0.8967896983200377
0.006929237750814075	0.013498033451033025	0.26352991708796486	-0.020982342926528976	0.01353584223369829	2.4029093853390115
0.01605101815288652	0.013154373705680187	1.4888975678081768	0.011945324401417538	0.012189502270904321	0.9603376411916867
-0.012870013640454502	0.013500106793020748	0.9088319920902478	0.0022506130270727857	0.013518244148749423	0.02771794859563598
0.01351581833005334	0.013422908474411596	1.0138913864545231	-0.003929340159356633	0.013503182859093221	0.08467729109015891
0.0005193820180432895	0.013641532689754383	0.0014495976718442054	0.012917492528131482	0.013525098446239631	0.9121695449975675
-0.013604542503631155	0.014234917114647501	0.9133936713317287	-0.010469514371023827	0.018457616387124936	0.3217376190055191
0.0009644052044985176	0.013747616832171562	0.00492112336790131	-0.022263400262036246	0.015030855495396475	2.19389374292047
0.0018177934866131123	0.013517352812813218	0.0180844700736735	0.006366155566825333	0.013572414445613032	0.220008909629166
0.009234094616397076	0.013534332968712183	0.4654948998175278	-0.006043836006364989	0.013551872366473176	0.19889631541221936
-0.008586982362279224	0.01358599253282689	0.39948308826627077	-0.0018897629753503583	0.013471943767835433	0.01967678539799212
0.002551696134376224	0.013636511987347227	0.0350147729227113	0.004816818827936143	0.013522965529447989	0.12687520048875278
-0.006756939760704887	0.013412762779068697	0.25378363114844094	0.006694444548656566	0.012742749680120775	0.27599600350106673
0.002300522705574719	0.013488039939072992	0.029090779698579993	-0.0003143069086232141	0.013509050771673801	0.000541325126976401
0.010833330796563935	0.013438434035327023	0.64987028785849	-0.002169484961000673	0.01352446090887456	0.02573198928840613
0.00037356584247914056	0.013506230818115413	0.00076500801136477	-0.015092354495938605	0.013494892350970764	1.2507633471953943
0.022852601573462424	0.013477532710637249	2.875083794574558	0.01582492779991066	0.013654328452069273	1.3432064961126442
-0.023888879936468783	0.013486648645815683	3.137498223779597	0.013373202222559997	0.013548666841574002	0.9742663352957948
0.02022124960690632	0.014213284444031688	2.0240772575738073	0.004250748093314909	0.01814106276519986	0.05490416430420659
0.010982864897505806	0.013655904239743302	0.6468303022135531	-0.008988358184547744	0.013206446365149782	0.4632215948224473
0.004270215884029422	0.013834462151758594	0.09527415469022958	-0.004164428407698294	0.013746564875322552	0.09177458486627953
0.02078469531719234	0.013568824073687594	2.346404602258094	0.013463078849018576	0.013605981513522294	0.9791044525442429
0.004068644177444614	0.013417980320420096	0.09194436538511554	0.017384499075471727	0.013526854608125099	1.6516982868233492
0.0016533866586984625	0.013403844851137485	0.015215634710624738	-0.009718745937894228	0.013424483058249514	0.5241134635159942
0.00981670848871112	0.013511979727219783	0.5278296949017358	0.006489452822403728	0.013469954705512925	0.23210467516212413
-0.0075749432604360995	0.013593056410984582	0.3105449918857949	0.01344871022319351	0.013734179614296474	0.9588613791348246
0.003736742803773103	0.013668996453862351	0.07473312656866851	0.008775531371716987	0.013572474931758689	0.41805050256746107
-0.012768750754521645	0.013418537486555198	0.9054958239108084	-0.00014812626429412055	0.013192814476698681	0.00012606346205336024
-0.0202156229421296	0.013371273289332231	2.2857499910374166	-0.0031418506990371752	0.013188392459931229	0.05675280903225241
-0.011170538206077614	0.013629426046377596	0.6717273968007655	-0.0029553941680589752	0.01355445838936302	0.04754080011080693
-0.01619579705106842	0.013449913472737931	1.4499922172788249	0.002831163635433351	0.013517523124643624	0.04386677432706888
-0.024932895163803995	0.013486999122309957	3.417549104685947	0.0017162004811848287	0.013503533420998078	0.016152553624720536
-0.009510633673561676	0.013284461804926404	0.5125437937215283	-0.015988167252345465	0.012702947224205908	1.5841210975508524
-0.009112428999511079	0.01352617443795243	0.4538562778768969	-0.009748199788356287	0.013558496850048249	0.5169228781480181
-0.028711170520630307	0.014512218305481973	3.914120497785147	0.02767213112631426	0.018409157901435474	2.259526131038083
0.0053055017922392115	0.013372897853584477	0.15739896652585825	-0.008398738200545488	0.013468598153255656	0.3888510685842495
0.0024447473218048997	0.013494841774948356	0.032819530526179835	-0.0009303671652648532	0.013484957300304974	0.004760028996609402
-0.005628997358950567	0.013502743717032422	0.17378730168973183	0.0057958107951086675	0.012909450800693324	0.201563952276863
0.00488597904914912	0.013451276482680229	0.1319399156019418	0.020578311161668562	0.01257806546892902	2.6766510571172595
0.00033822291329563796	0.01338587516988877	0.0006384288596723655	-0.02081257796553151	0.012868479475187466	2.6157563429578707
-0.010531286994273444	0.013452526976943806	0.6128513583539661	0.025122884429253322	0.013517456657793674	3.4542123256988946
-0.018102104482026857	0.013398030726570396	1.825476285916182	-0.014456895495090343	0.01329300044623596	1.1827801969604945
-0.0021107697774772846	0.0135084052351202	0.024415946999415628	0.012058425403360329	0.013475960802882873	0.8006850579226323
-0.0032389670968832234	0.013516940587903384	0.05741908435732416	-0.01240918305987532	0.013553001077184173	0.8383308282538005
0.00617381590588958	0.013667998223843595	0.2040316413281526	-0.01542550186502344	0.013724395081586979	1.2632583634102967
0.01068031118607346	0.013846348728863221	0.5949730339099978	-0.01337502829577309	0.014405224812527161	0.8620835103536827
0.0024564001712239184	0.01346132449039284	0.03329834522025687	-0.01006503537898014	0.013504172376273734	0.5555135615694429
-0.005880209104313632	0.013586794112004566	0.1873059405695472	-0.0070426443294325375	0.01363961046337763	0.2666045624369091
0.014395279126366217	0.01360279812514643	1.119911424170636	-0.0001050835493446152	0.013631188129077869	5.942949544737594e-5
0.008621749390808451	0.013527264175314802	0.4062289282974345	0.016877434706152956	0.013518459391725872	1.558685414290606
0.005679016630970747	0.013360746384622191	0.18066949912279148	-0.005278581752754445	0.013432773336675264	0.15441985173683775
-0.012642231949373578	0.013469119964096068	0.8809861202504852	0.015872897234889372	0.013505998401074158	1.3812077964196132
-0.008143845770904828	0.013504341124178487	0.3636740231887395	0.020509971188582273	0.01366651677756452	2.2522387323730273
0.0030318202051909013	0.013499487567021724	0.05043967962222647	-0.01509410160888372	0.013515987787001025	1.2471507638689525
-0.016358672266351175	0.013460143272834617	1.477055241694901	0.00833439714967867	0.01343042127100076	0.38509609290587843
-0.02114696710361976	0.013463612165285537	2.467021837575445	-0.009377689942855805	0.013446246475379396	0.48639556158755043
-0.031895305103194445	0.013398147012207328	5.667141338934489	-0.00939587289097148	0.013094274872867922	0.5148863271165575
-0.007105446075239362	0.013458103874935949	0.27875004336129305	0.004405195402603924	0.014101832498045516	0.09758414267823443
-0.008843325685103504	0.013496219746567315	0.4293455417349388	-0.008585711023992925	0.013579931298968492	0.39972138938710555
-0.0011003472247042945	0.013511949009954618	0.006631679199068962	0.0015210241646117964	0.013486930761115061	0.012718795122839237
-0.017230665451584474	0.013437872121735134	1.6441562692139895	0.015464202272094645	0.013427660115288223	1.3263384621888177
-0.01564251392000878	0.0136709285732232	1.3092333868798953	-0.019769450578533902	0.01371585349773934	2.0775119200411174
-0.007163113493218009	0.013384616068107277	0.2864124076927339	0.005369094700915766	0.01354739393395035	0.15706904724225174
0.006991716645315466	0.013603938492969255	0.26414252137150124	0.001311309206978435	0.013708769933610617	0.009149834632949563
-0.017141473415553644	0.01336208647941406	1.6456889103554702	-0.007359891123436416	0.013290386091233551	0.30666738111576797
-0.014510682247008423	0.013531281612189479	1.1499998901940285	0.0005309156388820545	0.013649293344292214	0.0015129713407907198
-0.012641854738496206	0.013647288766107837	0.8580820744273249	-0.009562138194511113	0.013688570423303773	0.48797080888102057
-0.013670111975158737	0.013728095931693303	0.9915703529256363	-0.013978880450387376	0.013986641722568534	0.9988904958107028
-0.021495044594242223	0.014301732591716196	2.258912423204374	0.001791971271634372	0.01711189368059581	0.010966446881466833
-0.020426800394245884	0.013590458444190994	2.2590845025722066	0.0012390589736632211	0.01373892765668147	0.008133515173888554
0.015458405191752773	0.013647463917895033	1.2829964772630693	0.008393503509837169	0.013745752565043451	0.37286318824080683
0.007010838238353916	0.013632460276958844	0.2644791324532918	-0.005184189129632526	0.01389744941334267	0.1391526464836374
0.023513473683113063	0.01353675731005517	3.017201396493358	-0.03066851549122326	0.013627496349495713	5.06469573830165
0.013966753484550242	0.013584758190648132	1.057029507382356	-0.008984017449302802	0.013503916436080024	0.4426104770265305
-0.004094868429831205	0.01367813992476406	0.08962430896076926	-0.027040715109274315	0.013603067703833715	3.9515058211837104
-0.0037390410149679273	0.013658995901595783	0.07493468893200751	-0.03665677041247998	0.01361599441336146	7.24785789641129
-0.0017978012544419373	0.013584264033856182	0.017515039849712595	-0.03532540189614868	0.01353562104917592	6.811109287225384
0.010151950738814723	0.013720954781336692	0.5474321977806217	0.004251221934035241	0.013990299201186307	0.09233653015259097
-0.01578643644908473	0.013401043165410175	1.3876853361758188	-0.0005119704519863283	0.013477857237723757	0.0014429393918095454
0.002679826240101031	0.013399221870370489	0.03999945865776721	0.01754737073348914	0.013339226943485771	1.730464844700257
0.008932620826576249	0.013500743322848483	0.437766412847885	-0.008401835326109356	0.013508566628329808	0.3868385903569486
-0.004592203493364259	0.013554430337870457	0.11478356508858091	-0.007320578136864059	0.013649327473210513	0.2876525670469006
-0.006572081983515639	0.013688892908328209	0.23049913131468608	-0.006498785566843412	0.013858598097160476	0.21990029599926228
-0.009127955697781019	0.013361632255980922	0.4666894868837253	-0.01664353474666435	0.013275334670193966	1.571810469535452
